[{
    "Username": "Soumya",
    "Gender": "female",
    "DateOfBirth": "1991-09-21",
    "Password": "password",
    "KnownAs": "Motki",
    "Created": "2017-02-13",
    "LastActive": "2017-02-13",
    "Introduction":
      "Veniam ex id elit et id. Ullamco proident laborum irure fugiat laborum enim exercitation reprehenderit proident tempor dolor. Sit do consectetur amet tempor eu exercitation labore in reprehenderit laborum. Tempor velit laborum qui deserunt dolore proident amet laboris pariatur aliqua. Excepteur mollit elit esse ut laborum ad ut nisi anim. Reprehenderit amet id tempor adipisicing occaecat Lorem pariatur nisi non consequat id duis nisi. Pariatur non dolor magna cupidatat duis elit quis.\r\n",
    "LookingFor":
      "Eiusmod consequat nulla nulla cupidatat adipisicing commodo ullamco reprehenderit fugiat ad labore. Nulla commodo minim sint non consectetur deserunt do veniam aliqua amet consectetur et reprehenderit. Dolor dolor eu reprehenderit ex laborum magna adipisicing ad nisi laborum velit.\r\n",
    "Interests":
      "Ullamco nulla laboris pariatur aute culpa laboris consequat adipisicing dolore.",
    "City": "Bengaluru",
    "Country": "India",
    "Photos": [
      {
        "url": "https://randomuser.me/api/portraits/women/47.jpg",
        "isMain": true,
        "description":
          "Ut dolore minim ipsum minim exercitation anim aliqua esse."
      }
    ]
  },
    {
      "Username": "Freda",
      "Gender": "female",
      "DateOfBirth": "1980-03-12",
      "Password": "password",
      "KnownAs": "Freda",
      "Created": "2017-02-13",
      "LastActive": "2017-02-13",
      "Introduction":
        "Veniam ex id elit et id. Ullamco proident laborum irure fugiat laborum enim exercitation reprehenderit proident tempor dolor. Sit do consectetur amet tempor eu exercitation labore in reprehenderit laborum. Tempor velit laborum qui deserunt dolore proident amet laboris pariatur aliqua. Excepteur mollit elit esse ut laborum ad ut nisi anim. Reprehenderit amet id tempor adipisicing occaecat Lorem pariatur nisi non consequat id duis nisi. Pariatur non dolor magna cupidatat duis elit quis.\r\n",
      "LookingFor":
        "Eiusmod consequat nulla nulla cupidatat adipisicing commodo ullamco reprehenderit fugiat ad labore. Nulla commodo minim sint non consectetur deserunt do veniam aliqua amet consectetur et reprehenderit. Dolor dolor eu reprehenderit ex laborum magna adipisicing ad nisi laborum velit.\r\n",
      "Interests":
        "Ullamco nulla laboris pariatur aute culpa laboris consequat adipisicing dolore.",
      "City": "Hamilton",
      "Country": "Finland",
      "Photos": [
        {
          "url": "https://randomuser.me/api/portraits/women/47.jpg",
          "isMain": true,
          "description":
            "Ut dolore minim ipsum minim exercitation anim aliqua esse."
        }
      ]
    },
    {
      "Username": "Aida",
      "Gender": "female",
      "DateOfBirth": "1989-10-18",
      "Password": "password",
      "KnownAs": "Aida",
      "Created": "2017-06-19",
      "LastActive": "2017-06-19",
      "Introduction":
        "Ea eu enim mollit deserunt mollit velit Lorem. Qui ea reprehenderit consequat nulla. Velit elit proident reprehenderit officia ut eu. Ullamco consequat amet ipsum proident voluptate. Magna irure aliqua nulla cupidatat laborum aute tempor consequat. Minim amet in dolor enim velit qui. Ut ad est fugiat nostrud qui cupidatat.\r\n",
      "LookingFor":
        "Est ad do cillum anim exercitation pariatur ea pariatur aliqua duis consectetur ut ullamco veniam. Eu ea et ipsum amet pariatur dolor nostrud sunt tempor ipsum veniam fugiat proident. In aliquip laboris fugiat anim duis. Proident exercitation exercitation cillum aliquip aliquip ullamco nostrud magna enim. Ea Lorem aute et consequat nulla ullamco aliqua proident magna aliquip nulla. Voluptate officia ex sit tempor eiusmod qui nulla eiusmod sit. Consectetur duis pariatur dolore anim ut ad cupidatat proident incididunt excepteur ad.\r\n",
      "Interests":
        "Sunt voluptate deserunt duis nostrud aute do voluptate culpa magna anim sit.",
      "City": "Ypsilanti",
      "Country": "Latvia",
      "Photos": [
        {
          "url": "https://randomuser.me/api/portraits/women/33.jpg",
          "isMain": true,
          "description":
            "Culpa sint consectetur in deserunt occaecat nostrud in commodo ad deserunt in minim."
        }
      ]
    },
    {
      "Username": "Susie",
      "Gender": "female",
      "DateOfBirth": "1972-05-21",
      "Password": "password",
      "KnownAs": "Susie",
      "Created": "2017-12-03",
      "LastActive": "2017-12-03",
      "Introduction":
        "Officia ex adipisicing laboris commodo. Ullamco culpa laborum tempor consectetur adipisicing adipisicing et aliqua reprehenderit aliquip Lorem eu elit. In reprehenderit occaecat consequat excepteur fugiat nostrud. Sit commodo minim id pariatur aute labore irure quis Lorem aliqua in aute do et. Veniam nulla pariatur officia esse commodo enim labore veniam irure do.\r\n",
      "LookingFor":
        "Pariatur consequat enim ad ex fugiat ex aliquip anim quis sit laborum ex. Anim ex ut enim velit minim enim labore et veniam ea voluptate. Ad amet dolore et laborum ad cillum id ad non sint do non non nisi. Excepteur labore labore ea ut aliqua qui magna nulla.\r\n",
      "Interests":
        "Nulla incididunt excepteur aute nostrud commodo aute anim consectetur sit consequat quis.",
      "City": "Starks",
      "Country": "Greenland",
      "Photos": [
        {
          "url": "https://randomuser.me/api/portraits/women/65.jpg",
          "isMain": true,
          "description": "Esse aliquip enim nisi culpa sunt."
        }
      ]
    },
    {
      "Username": "Nichole",
      "Gender": "female",
      "DateOfBirth": "1968-03-10",
      "Password": "password",
      "KnownAs": "Nichole",
      "Created": "2017-08-30",
      "LastActive": "2017-08-30",
      "Introduction":
        "Ipsum consectetur dolor nisi mollit velit id do voluptate irure ea nostrud exercitation excepteur mollit. Duis sunt consectetur proident ullamco ipsum excepteur consequat do duis. Proident consequat ut laborum magna aliquip. Esse culpa tempor ullamco sunt officia officia ea occaecat elit occaecat mollit consectetur in exercitation. Laborum cillum ad laboris fugiat incididunt occaecat. Dolore laborum cillum quis esse adipisicing non Lorem eu.\r\n",
      "LookingFor":
        "Cupidatat cillum laborum labore esse cillum culpa irure quis ad eiusmod quis nulla. Dolor nulla deserunt laborum officia consectetur officia sunt labore quis labore consectetur aute. Qui irure labore dolore in irure consequat exercitation elit proident eiusmod fugiat do. In est irure commodo ad cillum ut id cillum sit cupidatat elit. Consectetur cillum exercitation voluptate aliqua proident adipisicing ex. Officia qui est eiusmod commodo aliqua et.\r\n",
      "Interests": "Culpa consequat in id fugiat do quis magna culpa minim.",
      "City": "Idamay",
      "Country": "Jamaica",
      "Photos": [
        {
          "url": "https://randomuser.me/api/portraits/women/38.jpg",
          "isMain": true,
          "description":
            "Adipisicing consequat consequat sit aute officia commodo officia esse dolore dolore anim consequat nisi excepteur."
        }
      ]
    },
    {
      "Username": "Bridget",
      "Gender": "female",
      "DateOfBirth": "1965-07-31",
      "Password": "password",
      "KnownAs": "Bridget",
      "Created": "2017-06-23",
      "LastActive": "2017-06-23",
      "Introduction":
        "Dolore magna ad aute elit eiusmod pariatur in. Consectetur proident sint cillum quis ad quis. Laboris adipisicing consequat minim eiusmod irure amet. Veniam et do in voluptate nulla reprehenderit in sint. Do adipisicing quis occaecat officia non. Est aute ad cillum eiusmod velit anim esse ea dolore.\r\n",
      "LookingFor":
        "Reprehenderit amet id elit elit enim veniam sint esse deserunt. Consectetur sit qui reprehenderit in nulla anim laboris ea. Et ad ad pariatur adipisicing enim dolor. Exercitation mollit dolore incididunt irure dolore mollit enim do qui elit. Tempor dolore consequat veniam culpa commodo amet non excepteur consequat deserunt dolore.\r\n",
      "Interests":
        "Exercitation consequat labore proident id nisi non aliquip exercitation.",
      "City": "Ona",
      "Country": "Turks and Caicos Islands",
      "Photos": [
        {
          "url": "https://randomuser.me/api/portraits/women/6.jpg",
          "isMain": true,
          "description":
            "Proident reprehenderit est enim proident ad exercitation irure eu laboris exercitation aute voluptate dolore adipisicing."
        }
      ]
    },
    {
      "Username": "Fisher",
      "Gender": "male",
      "DateOfBirth": "1990-04-02",
      "Password": "password",
      "KnownAs": "Fisher",
      "Created": "2017-10-15",
      "LastActive": "2017-10-15",
      "Introduction":
        "Ex sit do magna amet dolor aliquip veniam qui cillum fugiat dolore. Reprehenderit et non ipsum id non aute enim exercitation fugiat dolor fugiat eiusmod. Culpa consectetur sunt sit labore. Veniam ullamco ut cillum sit labore cupidatat consectetur dolor Lorem. Nisi nulla commodo minim aliquip aliqua anim eu eiusmod ex et nulla est ullamco. Et enim consequat fugiat consequat id id deserunt veniam aliqua nostrud nostrud.\r\n",
      "LookingFor":
        "Pariatur qui nostrud eu excepteur aliquip aliquip non. Ipsum eu commodo cillum minim labore elit sint velit laboris mollit fugiat minim tempor. Consequat ex consequat sunt officia. Anim exercitation do dolore ut do excepteur eu duis ut voluptate dolor eiusmod aute. Amet veniam ad in mollit duis magna esse eu amet nulla elit non elit ea. Officia excepteur et commodo cupidatat amet non aliqua laborum consectetur nisi nostrud anim adipisicing. Sint non duis ex amet voluptate ex.\r\n",
      "Interests": "Ullamco sint deserunt enim dolor cupidatat mollit.",
      "City": "Bennett",
      "Country": "Dominican Republic",
      "Photos": [
        {
          "url": "https://randomuser.me/api/portraits/men/44.jpg",
          "isMain": true,
          "description":
            "Culpa commodo proident do dolor cillum pariatur eiusmod cillum reprehenderit do Lorem nulla do."
        }
      ]
    },
    {
      "Username": "Simon",
      "Gender": "male",
      "DateOfBirth": "1964-08-27",
      "Password": "password",
      "KnownAs": "Simon",
      "Created": "2017-06-22",
      "LastActive": "2017-06-22",
      "Introduction":
        "Esse sunt esse cupidatat enim nulla et nisi labore commodo dolor dolore laboris non. Id non Lorem cillum exercitation aliquip ut tempor. Deserunt commodo laborum proident reprehenderit eiusmod pariatur incididunt. Sit officia cupidatat adipisicing esse sunt cupidatat amet irure occaecat do est. Lorem officia magna culpa ex sit in veniam proident.\r\n",
      "LookingFor":
        "Ullamco ad elit ex ullamco consectetur sint laborum occaecat. Qui sunt aute est culpa irure incididunt culpa sunt et in. Aute esse id ex commodo elit. Exercitation cupidatat laboris officia elit aliquip exercitation aliqua. Sunt sit ea ea sint consequat consectetur eu proident aliquip anim veniam. Ipsum esse do reprehenderit sint veniam dolore proident dolor do. Cupidatat laborum sunt enim voluptate in laboris ipsum ea laborum in eu.\r\n",
      "Interests":
        "Occaecat culpa commodo tempor ullamco mollit nostrud pariatur reprehenderit officia dolore proident aliquip.",
      "City": "Chamizal",
      "Country": "Guadeloupe",
      "Photos": [
        {
          "url": "https://randomuser.me/api/portraits/men/72.jpg",
          "isMain": true,
          "description":
            "Magna ea dolore eu incididunt eu commodo culpa sunt magna in magna est."
        }
      ]
    },
    {
      "Username": "Rivers",
      "Gender": "male",
      "DateOfBirth": "1952-12-16",
      "Password": "password",
      "KnownAs": "Rivers",
      "Created": "2017-04-16",
      "LastActive": "2017-04-16",
      "Introduction":
        "Anim incididunt eu eiusmod ut excepteur esse quis deserunt adipisicing enim ut culpa. Eiusmod dolor proident dolor pariatur enim do. Duis dolor cupidatat aute minim consectetur voluptate esse labore.\r\n",
      "LookingFor":
        "Deserunt amet ad duis anim non velit. Occaecat adipisicing consectetur aute commodo cillum aliquip magna laborum irure eu. Velit aliquip incididunt pariatur fugiat amet eiusmod consequat Lorem et ipsum Lorem amet.\r\n",
      "Interests": "Exercitation sit ut labore esse culpa sit.",
      "City": "Rockbridge",
      "Country": "Taiwan",
      "Photos": [
        {
          "url": "https://randomuser.me/api/portraits/men/23.jpg",
          "isMain": true,
          "description": "Duis esse irure nulla ullamco est id consequat Lorem."
        }
      ]
    },
    {
      "Username": "Boyer",
      "Gender": "male",
      "DateOfBirth": "1974-12-02",
      "Password": "password",
      "KnownAs": "Boyer",
      "Created": "2017-09-17",
      "LastActive": "2017-09-17",
      "Introduction":
        "In ex in incididunt esse aute sit ex anim dolore laborum nisi id ea. Consequat incididunt aute eiusmod amet ut. Esse ullamco qui anim sit adipisicing ea consectetur adipisicing sunt est duis. Esse Lorem mollit est aute quis aliquip exercitation labore voluptate. Id aute elit est Lorem.\r\n",
      "LookingFor":
        "Ipsum sint esse do amet minim ipsum id non nulla nostrud eiusmod deserunt. Magna Lorem deserunt aliqua aliquip aliquip tempor culpa nulla occaecat pariatur. Voluptate minim commodo sint ad commodo nostrud. Ullamco fugiat occaecat sint laboris sunt aliqua fugiat in enim. Exercitation excepteur aliqua commodo fugiat proident mollit.\r\n",
      "Interests":
        "Est laborum quis ullamco nulla cupidatat anim enim aliqua et veniam et consectetur dolore ea.",
      "City": "Katonah",
      "Country": "Georgia",
      "Photos": [
        {
          "url": "https://randomuser.me/api/portraits/men/36.jpg",
          "isMain": true,
          "description":
            "Sint aliqua ut culpa ipsum deserunt elit anim voluptate fugiat."
        }
      ]
    },
    {
      "Username": "Johnson",
      "Gender": "male",
      "DateOfBirth": "1957-07-17",
      "Password": "password",
      "KnownAs": "Johnson",
      "Created": "2017-06-28",
      "LastActive": "2017-06-28",
      "Introduction":
        "Occaecat veniam quis culpa minim ullamco sunt sint veniam elit ad magna. Sit est quis duis commodo tempor mollit duis incididunt sint. Incididunt exercitation fugiat elit Lorem culpa elit.\r\n",
      "LookingFor":
        "Anim consequat ut nostrud veniam ea ipsum duis ea nisi ullamco quis. Anim anim elit duis commodo occaecat quis quis esse. Excepteur occaecat ipsum mollit mollit amet velit occaecat fugiat nostrud. Proident anim sunt officia ex elit ea culpa est ut officia adipisicing quis. Nulla non cupidatat commodo ullamco amet voluptate elit consectetur.\r\n",
      "Interests":
        "Sunt quis laboris culpa est mollit nulla aliquip dolor labore non.",
      "City": "Barronett",
      "Country": "Botswana",
      "Photos": [
        {
          "url": "https://randomuser.me/api/portraits/men/52.jpg",
          "isMain": true,
          "description":
            "Laboris magna mollit consequat deserunt consectetur culpa commodo anim est ea sunt."
        }
      ]
    }
  ]
  